eventStart,eventEnd,eventType,eventSampleSpeed,eventDurationSeconds,eventMilesDriven,eventStartLatitude,eventStartLongitude,eventEndLatitude,eventEndLongitude,eventGPSSignalStrength,eventStartSpeed,eventEndSpeed,memsMedianHorizontalNorm,gyro_angular_change_per_second,gyroAngleChange,mems_radius,is_ios,dv,aggression_score,angle_rate_ratio,curvature,turn_intensity
284234.22,287407.72,5.0,12.743101,3.1735,0.007653825,41.81778,-87.91813,41.817856,-87.91803,15.306123,10.714942,13.421639,3.0998526,17.929585,57.610783,23.95911,0,2.706697,0.4787754659546683,0.30590932388669845,0.040065531182802594,0.7183583469122097
139896.95,142634.67,5.0,11.281634,2.7377188,0.00857287,41.83086,-87.86682,41.830982,-87.86679,19.387754,9.529365,10.491248,1.1731364,11.777087,32.709633,9.3242035,0,0.9618830000000003,0.21234350995150425,0.3493685914646416,0.09685977228170678,1.1407259649618493
116845.33,120812.88,5.0,11.028114,3.9675548,0.009012268,41.83074,-87.86795,41.830826,-87.86783,16.836735,8.4780035,14.696693,2.366215,22.094933,88.53948,3.0875568,0,6.2186895,0.7868908077667542,0.24676190882502336,0.24464491845104147,5.405413081966225
39239.117,44317.55,5.0,16.620464,5.078434,0.019169936,41.82675,-87.87259,41.826977,-87.872406,19.387754,19.64033,18.141582,2.2527475,18.612541,95.26102,10.121602,0,1.498747999999999,0.13095856197649572,0.19335491146883754,0.08991510395714575,1.6735485589216375
186510.12,190240.06,5.0,10.073687,3.7299378,0.006174002,41.81659,-87.92555,41.816677,-87.92553,17.34694,10.849157,8.4780035,2.9104438,23.229597,87.56671,11.355587,0,2.3711535,0.3291601754350466,0.26228361649653686,0.08093504582178086,1.880088497616503
211029.34,215037.08,5.0,11.956444,4.007735,0.010325372,41.77242,-88.03169,41.77247,-88.03151,16.836735,3.265932,21.139082,3.0600047,21.086802,85.34704,16.399647,0,17.87315,2.2276789658962106,0.24420989995719594,0.057472430331488904,1.2119097588589007
589395.94,593481.9,5.0,17.694193,4.0859375,0.013396961,41.822315,-87.87263,41.82245,-87.87248,11.989796,15.390145,19.796917,2.656713,22.1415,91.34713,8.719348,0,4.406772,0.533559678870658,0.2397638129089664,0.1028875599474368,2.278084908576172
239916.97,244161.42,5.0,16.005304,4.2444534,0.012463305,41.817738,-87.9182,41.81785,-87.918015,8.163265,8.388525,21.877274,2.8727238,15.729628,67.38763,9.477533,0,13.488749,1.5425491778896268,0.23000691791775793,0.09544231452193948,1.5012721028891058
115398.01,119682.14,5.0,10.084125,4.284133,0.013774924,41.806408,-87.9201,41.80653,-87.919975,13.265306,7.560857,11.028113,2.8907151,20.262194,87.60969,4.315908,0,3.467255999999999,0.3910132649957189,0.2286679255959478,0.1881146174839745,3.8116148736960835
182216.06,187411.92,5.0,16.508615,5.1958594,0.017310476,41.83411,-87.87409,41.834244,-87.873856,10.204082,15.770426,19.841658,4.9222465,19.959627,104.499084,31.65364,0,4.071231999999998,0.34374767199693873,0.18919241990764585,0.03062445718149646,0.6112527424201407
1701632.2,1705719.6,5.0,18.997211,4.087375,0.009306922,41.821774,-87.87254,41.8219,-87.87249,13.010204,16.150705,20.244307,2.2638881,21.503347,88.74557,5.307482,0,4.093602000000001,0.4953804801032077,0.23960343669330977,0.15854187138385809,3.409180874396471
583407.44,587613.9,5.0,11.447538,4.2064376,0.009582674,41.834152,-87.87363,41.834213,-87.87347,10.204082,6.6884503,17.627085,1.9176455,12.339009,52.388348,17.361412,0,10.938634700000001,1.2679188045934058,0.2311180147398455,0.05446204246165817,0.6720076320927824
574360.6,579320.44,5.0,5.314969,4.9598126,0.006728521,41.833958,-87.873795,41.83404,-87.87375,16.32653,2.259309,7.9411364,0.6621094,12.617251,63.079838,4.5673494,0,5.6818274,0.5143871791275773,0.19689892162336617,0.17961868892223648,2.266294082422777
419296.62,423463.1,5.0,8.483594,4.166469,0.006303502,41.83366,-87.87393,41.833744,-87.873886,13.520409,8.209569,9.30567,1.434945,13.291544,55.906227,6.4373336,0,1.096100999999999,0.12888380277724265,0.23356923663204732,0.1344567897290502,1.7871383367824187
251601.34,255966.19,5.0,17.255753,4.364844,0.018333465,41.826916,-87.87392,41.827023,-87.873726,18.367348,6.9345136,19.416637,2.5177422,19.238392,84.73596,4.311239,0,12.482123400000003,1.3687854557167913,0.22439116562058672,0.18827998514094357,3.622204159895648
228270.42,232516.02,5.0,12.185729,4.245594,0.012301646,41.825176,-87.87375,41.82528,-87.87388,19.132652,4.787051,15.725687,2.0086043,20.670204,88.57746,1.8138013,0,10.938636,1.2504187562260332,0.23075228969430478,0.3553911216118921,7.346006983506618
169187.42,173393.53,5.0,11.084038,4.2061095,0.009693391,41.822506,-87.87255,41.822605,-87.87267,17.34694,4.518618,14.047981,2.2253137,21.170132,89.883934,2.7036335,0,9.529363,1.1046965778826419,0.23293591142302444,0.2700051179470107,5.716043987613785
426923.7,432398.5,5.0,19.389793,5.474813,0.021725243,41.80007,-87.844315,41.800274,-87.84459,14.285714,20.445631,20.893019,2.6537852,15.782527,87.03252,33.839832,0,0.4473880000000001,0.03492451601671984,0.1792806453796847,0.028702779048991968,0.45300238531575004
134535.55,139256.61,5.0,11.761831,4.7210627,0.013376248,41.790356,-87.86859,41.79051,-87.86845,10.714286,10.535987,9.193823,2.2714202,18.548481,88.304405,18.123484,0,1.3421640000000004,0.13084162624891377,0.20769950821574812,0.052291726758576,0.9699321002386384
328976.72,336316.16,5.0,35.369217,7.339438,0.058047976,41.81664,-87.864746,41.81671,-87.865845,12.755102,34.1357,29.460499,1.687265,7.2225914,53.2963,99.23665,0,4.675201000000001,0.2351289356547484,0.1330217970653617,0.009976390871003769,0.07205539490795033
277633.94,280821.22,5.0,11.63088,3.1872814,0.010135637,41.802353,-87.586555,41.802494,-87.586525,2.5333261,8.111785,14.864274,1.6165265,13.1356735,42.34285,9.146288,0,6.752489000000001,1.186679043486809,0.3030643693250444,0.09855821163365361,1.2946284887635753
246485.53,251085.39,5.0,7.7591,4.5998597,0.007649539,41.800163,-87.5856,41.80022,-87.58571,3.0319476,6.9940343,10.293024,1.5380197,19.468254,90.25637,6.233544,0,3.298989700000001,0.3343983157351254,0.21333583617231325,0.13824482162547155,2.6913853015893734
166945.78,172089.19,5.0,6.919808,5.1434064,0.006893582,41.79998,-87.58559,41.80004,-87.585495,4.03082,8.859826,6.2737503,1.2399218,16.852331,87.288795,7.7344766,0,2.5860757000000003,0.22169963192121211,0.19087734745955023,0.1144888292447884,1.929403646235654
133586.17,137498.08,5.0,10.633601,3.9119065,0.00883358,41.799458,-87.58719,41.799545,-87.58709,3.8501117,12.152343,10.893514,1.8941398,22.215368,87.70911,6.6289115,0,1.2588290000000004,0.1626986840731219,0.25042938656469443,0.13108029893910816,2.9119970784822975
101034.125,106653.12,5.0,24.09053,5.6189923,0.027394835,41.79202,-87.5853,41.79233,-87.584984,1.7268672,24.00111,23.11936,1.4883149,7.9759927,45.106186,14.790797,0,0.8817500000000003,0.06619997309006362,0.17299181285565454,0.06332802581149008,0.5051038715778564
463433.56,478607.25,5.0,29.28716,15.173688,0.11411504,41.78887,-87.58509,41.7877,-87.58629,2.4778624,30.997713,29.607496,0.48752388,6.690226,101.75769,14.147639,0,1.3902169999999998,0.023520463188411268,0.06510681584998651,0.06601688883660352,0.4416679061337546
405491.0,411864.7,5.0,21.132391,6.3736877,0.029071659,41.792706,-87.58043,41.79254,-87.58089,3.4393592,19.555786,24.64109,3.0252643,14.6883135,94.15065,4.0506124,0,5.085303999999997,0.31603177491567286,0.15436902953369208,0.19799579155985123,2.9082242581117486
214829.89,220046.8,5.0,16.232857,5.2169065,0.017514793,41.896782,-87.61701,41.896633,-87.61675,2.4002807,14.525237,20.183868,1.5422758,10.918913,57.35853,20.622578,0,5.658631,0.4748886552690965,0.1871005489685912,0.04624795433735977,0.504977389837604
126778.3,130834.99,5.0,11.43855,4.0566955,0.009138593,41.79952,-87.587166,41.79957,-87.58701,3.9457932,9.403364,14.34944,1.872885,21.636492,88.55634,6.6946774,0,4.946076,0.6053438992166641,0.24159642968884168,0.129959964273486,2.811877727323566
1091106.0,1096987.1,5.0,9.13797,5.8811255,0.012580036,41.84742,-87.62705,41.84728,-87.62692,2.263901,8.035872,8.910383,1.2861676,14.527308,85.961075,5.187884,0,0.874511,0.061316111592436585,0.16705529456713825,0.16160613224165157,2.3477020577632026
1054148.4,1058422.4,5.0,11.941442,4.274,0.00965225,41.84919,-87.62836,41.8491,-87.628235,1.8068423,10.343784,13.522298,2.0758872,19.571955,84.35944,2.7079175,0,3.178514,0.3597264334944663,0.22928869964470242,0.26969316334573246,5.278422456810325
174841.05,177956.03,5.0,9.714103,3.1149845,0.005789883,41.802395,-87.58656,41.802475,-87.58653,5.029112,6.7726846,12.309963,1.5800734,11.310661,35.642216,41.248817,0,5.5372784,1.007192595402728,0.3086784107162078,0.02366930179370466,0.26771544869528535
142314.61,146262.72,5.0,6.195328,3.9481096,0.004467828,41.800167,-87.58562,41.800175,-87.5857,2.8525653,6.1265087,4.8446617,1.1050127,22.67255,90.33494,4.413917,0,1.281847,0.16340012745899726,0.24823523177438997,0.18470914866260418,4.187827408510326
90301.21,95299.74,5.0,7.5793552,4.9985313,0.008557434,41.79995,-87.585594,41.800045,-87.58551,3.395524,9.648649,7.1029325,1.7662827,17.475393,87.98428,9.007772,0,2.545716500000001,0.22779616771619307,0.19638741809227428,0.0999223403570745,1.7461821672196371
60418.434,64185.5,5.0,10.79202,3.7670665,0.008451482,41.79946,-87.58718,41.799538,-87.58708,4.092439,11.999654,10.833087,2.5317698,23.031013,87.59359,7.7445707,0,1.1665669999999988,0.1595529199633678,0.2599625209905141,0.1143566716202546,2.6337499907228152
468932.03,475487.5,5.0,12.371704,6.555469,0.017098047,41.463337,-87.04416,41.46355,-87.0443,2.4399192,10.974153,12.556647,0.8006269,10.159149,66.965935,8.072183,0,1.5824940000000005,0.09428365717659877,0.14947412994465534,0.11022705340048805,1.1198130593265148
121771.48,125320.85,5.0,11.608261,3.549375,0.006133393,41.7995,-87.58718,41.79954,-87.58708,3.680827,10.772672,12.789589,2.4016962,24.808424,88.95292,4.5014925,0,2.0169169999999994,0.3016200429740773,0.2757934261611518,0.1817688563603422,4.509398858582466
205274.03,217116.81,5.0,30.439096,11.842782,0.09301778,41.791904,-87.585304,41.792576,-87.5839,2.3492365,19.554066,38.010403,0.22055726,7.07328,84.0227,5.861442,0,18.456336999999998,0.4528609873623657,0.08319284144116806,0.14574195919749813,1.0308736851524796
185354.44,188940.11,5.0,19.610737,3.5856721,0.011029424,38.630665,-90.30636,38.63057,-90.30652,0.85666656,18.75988,20.67149,2.8159883,13.965567,50.58176,3.042758,0,1.9116099999999996,0.28154215840679814,0.27074622889951794,0.24735588922215973,3.4544652437766494
153374.95,157342.03,5.0,11.005744,3.9670782,0.007919774,41.81504,-87.87141,41.81495,-87.87148,5.867347,12.236061,11.654456,2.1401458,20.93308,83.8736,11.061741,0,0.5816049999999997,0.07360748671300184,0.24663829506466087,0.08290677108719215,1.7354940717098801
154655.05,162151.62,5.0,28.21075,7.4965787,0.047738302,41.792,-87.5853,41.792484,-87.58468,1.6859748,24.084143,28.326454,1.8317864,8.103545,61.042343,42.109184,0,4.242310999999997,0.20668447028815654,0.13061313625760393,0.02319691321459483,0.18797723009556389
181422.81,188123.03,5.0,7.8736277,6.700219,0.012346639,41.795094,-87.60112,41.79521,-87.60124,2.0234826,13.652272,6.4249334,1.4048803,14.824455,99.864006,19.696846,0,7.2273386,0.41672053764672073,0.14697467994677904,0.048316540597538385,0.7162663818438809
74614.7,79612.984,5.0,21.27776,4.9982815,0.02355655,41.79528,-87.59238,41.795143,-87.59279,4.25373,20.778036,21.609365,1.294492,7.6606374,38.567486,70.58639,0,0.8313290000000002,0.07439467710668791,0.1936094044488952,0.013969135753318474,0.10701248379754867
235657.73,241270.14,5.0,10.070179,5.6124067,0.013701896,41.791557,-87.59648,41.791462,-87.59669,2.3605266,11.171114,11.197522,0.58014894,14.663171,82.82662,10.096823,0,0.026407999999999987,0.0019861489256835746,0.1749226081166102,0.09011588271706235,1.3213845980962298
209148.14,213203.56,5.0,10.705303,4.055422,0.008311641,41.79324,-87.59659,41.793137,-87.59653,2.334535,9.366481,12.997513,1.5767471,19.44515,92.001335,14.57983,0,3.6310319999999994,0.44460669396572916,0.2090846330324183,0.06418555273067807,1.2480977006809446
1426777.8,1430797.5,5.0,11.7800865,4.01975,0.013648218,41.88239,-87.62619,41.882267,-87.62638,21.593111,9.952721,13.710989,2.185914,20.158077,81.79487,2.8815463,0,3.7582679999999993,0.4663255169520713,0.24347012079371583,0.25762928552468894,5.193310975061665
303737.6,308047.22,5.0,14.157781,4.309625,0.015508518,41.873207,-87.61748,41.873047,-87.61731,1.0397775,7.8879924,19.682228,2.5149684,21.224545,92.23849,3.3862503,0,11.794235599999999,1.318288841694282,0.22763715928904468,0.2279851653700656,4.838881401729399
229872.5,235067.27,5.0,18.947645,5.194766,0.020421822,41.875603,-87.6209,41.875366,-87.6207,3.362414,16.504843,23.368797,2.417439,15.8768635,83.04935,11.624009,0,6.863954,0.5797294731779021,0.18889930142231914,0.07921413870981873,1.2576720675658581
873266.9,878046.6,5.0,12.879081,4.7797503,0.014810964,41.84744,-87.62706,41.847267,-87.62692,2.2467723,6.7791433,18.647213,2.6488438,17.624746,84.88009,15.677821,0,11.8680697,1.1357226170816799,0.20522505274505418,0.059959871256562824,1.0567775010896205
826627.3,831552.06,5.0,11.33176,4.9247503,0.0125178,41.849216,-87.62836,41.84909,-87.62822,1.9762139,7.6036334,15.246584,1.8748852,16.7893,83.291084,8.547067,0,7.642950600000001,0.6993341391452377,0.19918239513920596,0.10474421097076202,1.7585819812514147
96273.25,103770.414,5.0,26.22443,7.4971642,0.05258592,41.79198,-87.58532,41.792503,-87.58463,2.470868,26.337702,22.542063,1.9373546,7.565168,56.991302,40.78571,0,3.7956390000000013,0.1849010452696852,0.13045349456027044,0.023931626386149714,0.18104677412445547
364847.38,368541.12,5.0,17.252346,3.6937501,0.009223424,40.13482,-75.59124,40.13484,-75.59107,1.7411487,14.397596,20.272665,2.4951239,16.560873,61.77145,6.8083935,0,5.875069,0.8275832775884316,0.2638281097537177,0.12806731627959067,2.1209065603571338
624036.3,628797.3,5.0,18.275797,4.761,0.020337416,41.83421,-87.8745,41.834007,-87.87425,21.428572,15.323038,20.467999,2.3949108,15.600079,74.89091,7.1502423,0,5.144960999999999,0.49526178073470006,0.20555925604265382,0.12269573875122707,1.9140632174825034
449445.66,454048.1,5.0,11.761829,4.6024375,0.012832173,41.823334,-87.872826,41.823204,-87.87268,12.244898,12.8400345,13.77955,2.4133797,19.59614,90.96086,4.9482307,0,0.9395155000000006,0.09515291557651544,0.21309217856379334,0.16811721845287542,3.2944485492131297
366841.47,371086.7,5.0,12.001183,4.2452188,0.010109039,41.822998,-87.88368,41.823063,-87.88352,13.520409,9.126715,15.0546055,2.222025,21.184679,90.77409,7.4240255,0,5.927890499999998,0.677719613506789,0.2308350755643559,0.11870809270461018,2.5147928386494085
228533.9,232422.16,5.0,10.200446,3.88825,0.00868494,41.82126,-87.883484,41.821323,-87.88361,7.142857,11.721563,9.037236,2.1051152,23.556372,92.52769,1.1497697,0,2.6843269999999997,0.3501097043397006,0.2518652176697617,0.4651661059321842,10.957625833129939
383455.72,391033.62,5.0,33.143063,7.5779066,0.06516806,41.816673,-87.864685,41.81678,-87.8659,11.224489,32.950123,35.05285,1.4747858,6.8071785,51.85424,77.06137,0,2.1027270000000016,0.10079964881695025,0.12879153119976752,0.012810433637021744,0.08720290842961122
738011.1,742573.44,5.0,27.08375,4.5623126,0.022847367,41.833275,-87.8808,41.83299,-87.88058,13.010204,25.008986,28.342031,1.4913142,7.059382,32.48717,5.9004865,0,3.3330449999999985,0.34202954199283186,0.2108085574266204,0.14491731851080353,1.0230267097834334
727537.75,731187.5,5.0,14.601625,3.6497502,0.010698221,41.834007,-87.88127,41.83391,-87.88114,16.071428,14.0032425,17.000744,2.6739573,19.735056,72.810936,5.4275856,0,2.9975015000000003,0.4298972802342099,0.26737306244158726,0.15557941383153265,3.0703684444124715
131083.1,137431.0,5.0,23.502783,6.3479066,0.030315088,41.724567,-88.035805,41.724426,-88.03533,12.244898,22.145704,29.818409,2.5370967,14.31719,91.45221,13.526032,0,7.6727050000000006,0.4797364406141226,0.15486044086993703,0.06884192462194769,0.9856229147781032
103231.61,108190.85,5.0,18.132635,4.9592423,0.02085317,41.722572,-88.03923,41.722855,-88.03917,12.244898,17.51524,19.953505,2.665633,15.096491,75.466095,8.35594,0,2.4382650000000012,0.2207790768633747,0.19742725190818233,0.1068839689010404,1.6135728745588365
192888.61,196340.12,5.0,13.533485,3.4515157,0.00700002,41.816532,-87.84407,41.816456,-87.84399,7.6530614,14.607217,12.750557,3.039029,23.480907,81.976265,11.631861,0,1.8566599999999998,0.28954602104969746,0.2829834170048507,0.07916489898044318,1.858863630624181
299574.7,303780.72,5.0,17.367601,4.2060313,0.015976895,41.781765,-87.85865,41.78158,-87.85882,12.244898,14.987497,27.872269,2.9886608,20.510471,87.07393,14.442184,0,12.884772,1.4937158439323497,0.23287789019974467,0.06475767935416389,1.3282105044208772
386139.66,391615.06,5.0,14.951706,5.4754066,0.016852994,41.818,-87.86958,41.81818,-87.86979,8.163265,10.938637,17.13496,1.7202055,12.996143,71.67482,26.89054,0,6.196323,0.48362582742803567,0.17882593998856827,0.035854451007402505,0.465969572478697
775414.94,781788.4,5.0,11.869086,6.373438,0.018389978,40.122097,-75.640915,40.121876,-75.64102,2.630023,8.100629,19.679657,1.6749883,13.843417,88.731476,15.14362,0,11.579028,0.7196336389071368,0.1542760424446824,0.061943975390897466,0.8575162819739317
191751.84,195916.92,5.0,14.684058,4.165078,0.011656161,40.17478,-75.662834,40.174644,-75.66274,3.1453052,10.383827,19.670248,3.0803814,23.192171,97.43717,2.929459,0,9.286421,1.0924804151982348,0.23560379681780774,0.2544879587749866,5.902128257350439
3167109.2,3173629.5,5.0,9.908352,6.5202503,0.01237288,38.883286,-77.01979,38.88341,-77.01992,4.380561,6.4944506,13.785519,1.0072017,12.95083,84.91178,2.4425104,0,7.2910684,0.4379199906901869,0.15074568353722856,0.2904856874215979,3.7620307552302528
3108026.2,3112916.5,5.0,12.634729,4.89025,0.010941969,38.88333,-77.01766,38.88322,-77.01779,5.9400826,11.067533,14.52281,1.8862389,16.984863,83.670975,1.5113988,0,3.4552770000000006,0.31951134003751736,0.20059841049426916,0.39818446994559364,6.7631086707535255
3065896.2,3071293.8,5.0,10.046268,5.3975,0.013044719,38.885956,-77.0177,38.88582,-77.01757,1.8040996,6.3040366,13.68394,1.4048996,14.432813,78.42393,5.703575,0,7.3799034,0.5885206427453904,0.18171869611589353,0.14917413469678492,2.1530023905155082
1411272.6,1415364.4,5.0,11.510958,4.09175,0.009573901,41.90354,-87.64796,41.90361,-87.64781,2.7418146,7.390687,15.392683,2.7688098,18.04719,74.498085,14.40978,0,8.001996,0.9667956625648921,0.23904169224954513,0.06489385312444435,1.1711516971689409
80796.44,85614.25,5.0,19.58507,4.817813,0.015803812,41.925907,-87.63204,41.92583,-87.63177,2.8702283,20.502096,19.346533,3.0296385,15.13254,73.45391,27.334621,0,1.1555630000000008,0.10927447256906396,0.20324708265825128,0.035292513706112395,0.5340653753582941
524630.56,528994.7,5.0,14.189655,4.3641253,0.01472967,44.352425,-89.08498,44.352543,-89.08477,7.397959,14.54011,16.575724,2.0967011,17.500519,77.09497,17.153858,0,2.0356140000000007,0.22327989135602438,0.2240927808794856,0.05508470981760461,0.9640110107724761
484996.5,490233.47,5.0,16.217813,5.236969,0.018267164,44.349586,-89.0863,44.349697,-89.085976,5.612245,16.217813,15.770426,1.1324317,9.173037,48.40284,38.9836,0,0.4473869999999991,0.03733046122039122,0.1856783334723267,0.02501025420422373,0.22941998719474985
440799.6,445798.56,5.0,23.528133,4.998969,0.026355494,44.346718,-89.09041,44.346916,-89.08997,5.612245,23.308912,24.226059,1.8055289,10.066693,50.722477,50.779015,0,0.9171469999999999,0.08205750057092276,0.19462898112942273,0.019312843243541808,0.19441646388985961
1003431.1,1009840.44,5.0,10.753224,6.4093127,0.015667401,41.84743,-87.62709,41.847275,-87.62694,4.535989,7.9676456,11.192323,1.3560656,13.488603,86.9411,18.296648,0,3.2246774,0.19873258560068294,0.15338224106816947,0.051822471965079116,0.699012750815582
953677.1,957805.2,5.0,10.5899315,4.1280627,0.009042279,41.849194,-87.62836,41.849133,-87.62822,4.469368,8.242042,12.514049,2.1058836,21.1666,88.14352,5.0333185,0,4.272007,0.5093455639135728,0.23744406772359897,0.16574626385131166,3.5082848684351733
896607.6,902365.44,5.0,5.0591345,5.757813,0.007316972,41.85102,-87.6294,41.85095,-87.629326,4.4754887,3.8255305,5.806782,0.7201774,11.988217,69.46004,10.552176,0,1.9812515,0.1434013614310344,0.17014206917850175,0.08656377811418386,1.037745356372687
383223.2,387819.97,5.0,13.434778,4.5967813,0.011007035,41.810272,-87.59011,41.810406,-87.59002,2.6852293,13.296931,14.613075,1.9667765,15.865808,73.50591,2.175392,0,1.3161439999999995,0.1335434665004588,0.21294697293140905,0.3149217482439963,4.996487992663583
243849.88,247797.08,5.0,8.204757,3.9472034,0.006282416,41.80018,-87.58564,41.800243,-87.58572,3.0713909,5.876012,11.6862135,1.8316357,20.943098,83.42508,4.7165155,0,5.810201499999999,0.7408954621209975,0.2480672567914653,0.17493173944862042,3.6636125625829234
123407.44,127210.17,5.0,10.435438,3.8027346,0.007787317,41.79949,-87.58719,41.79956,-87.58709,5.4273634,11.422211,11.680018,2.2264729,22.728481,87.253525,7.057794,0,0.2578069999999997,0.0347656761916027,0.25753624005386755,0.12410344568252797,2.820682807229869
367553.34,373005.28,5.0,12.87492,5.4519377,0.01778491,41.81024,-87.590096,41.810444,-87.589935,1.9695984,11.962968,14.801511,1.487116,13.524915,74.22532,3.396348,0,2.8385429999999996,0.22298166340316436,0.17979205671707346,0.227461520334605,3.076397728296304
293610.84,297557.88,5.0,27.721087,3.9470315,0.0226156,41.80695,-87.58807,41.807163,-87.5884,1.9943504,27.106838,28.542273,1.8259735,8.237869,32.81343,5.329906,0,1.4354350000000018,0.18305333382646605,0.24362713276943512,0.1579802290902898,1.3014204318357965
231687.88,234114.14,5.0,10.273577,2.4262657,0.005518531,41.802414,-87.58654,41.80249,-87.58652,2.2562428,7.9282837,12.321068,1.5843788,13.633886,33.573154,16.549477,0,4.392784300000001,1.1623377436566933,0.3943489217096016,0.056981755068826266,0.7768827526882995
181858.05,186131.3,5.0,9.444866,4.27325,0.007786574,41.800163,-87.58561,41.800247,-87.5857,3.4969358,7.1603155,12.570036,1.7107399,18.961176,81.7125,5.077456,0,5.4097205,0.6124030928452591,0.2292419646365422,0.16454253227008145,3.1199199138586935
962464.1,967315.25,5.0,11.141707,4.8511252,0.012699212,41.84921,-87.62837,41.84909,-87.62821,1.025604,7.224238,15.29156,1.696418,17.64133,86.21896,4.4276223,0,8.067322,0.7550325363199509,0.20226485158731544,0.1842427392193447,3.2502869626724022
913844.25,918297.2,5.0,11.574473,4.4529376,0.009907056,41.850994,-87.62939,41.850876,-87.629295,4.4862804,9.88391,13.516918,1.2961743,13.196439,59.240665,5.9636817,0,3.6330080000000002,0.3866307930103782,0.21906197416645384,0.14360219824521847,1.8950376494089325
273172.22,276069.1,5.0,7.114659,2.8968751,0.003994755,41.802433,-87.58655,41.802486,-87.586525,2.5177863,4.5214815,10.0501175,1.5840278,9.983211,29.281616,38.504074,0,5.5286360000000005,1.1213039218388536,0.32967893787438557,0.025313844845470872,0.25271345431359815
200784.66,204333.52,5.0,8.829704,3.5488596,0.00470131,41.800163,-87.58564,41.800217,-87.58569,2.9489157,6.7134924,11.324824,2.1361632,24.68045,88.4812,3.2578177,0,4.6113316,0.6897522505517404,0.27581715488840114,0.234862098487683,5.796502278620336
910795.6,915756.25,5.0,9.304515,4.960625,0.009826921,41.787964,-87.58673,41.787907,-87.58689,2.4773574,6.413148,14.037897,1.8340912,17.544374,87.66633,4.520975,0,7.6247489999999996,0.6901141865176821,0.19786963100874932,0.18112742767355403,3.177767332762782
852172.44,855829.6,5.0,13.42983,3.6571877,0.011030247,41.791485,-87.58687,41.79135,-87.586784,2.1206167,10.327003,17.201939,2.6801703,21.821892,80.596924,6.091507,0,6.874936,0.9829870216769474,0.2674352283181655,0.14101375067386945,3.0771868377201064
137093.14,139229.98,5.0,13.023702,2.136844,0.007989305,41.79955,-87.586365,41.79957,-87.58621,6.4933567,11.9657345,14.081669,2.443225,12.074992,26.2397,31.221367,0,2.1159345,0.6773965698403489,0.4432865266504404,0.031035306478461946,0.37475107744497616
122243.73,125756.91,5.0,5.8929825,3.5131798,0.006160586,41.799503,-87.587234,41.799583,-87.58719,4.3542533,6.629414,4.4121213,2.4289594,25.197617,89.43637,4.8137054,0,2.2172927,0.3367227516022561,0.2786226050426394,0.17200733975959634,4.334175068451181
695185.5,699133.8,5.0,14.502754,3.9483128,0.013363565,40.152245,-75.62769,40.152412,-75.62778,4.4820766,18.246964,13.145051,2.273156,18.800278,74.910385,6.680998,0,5.101912999999998,0.6503029451574817,0.24766411078009942,0.1301914152301563,2.447634799540372
618971.4,623644.2,5.0,24.588701,4.672813,0.020658184,40.14505,-75.634186,40.145187,-75.63385,4.647317,23.983633,25.587694,2.1042624,11.063536,52.09859,11.499595,0,1.604060999999998,0.15880101634207838,0.20835837637119928,0.08000259208398353,0.8851115576144667
530478.06,534933.5,5.0,18.330612,4.4554377,0.020352835,40.135067,-75.64269,40.135353,-75.642685,4.690611,20.160217,18.44956,2.2122245,15.032213,67.5196,9.494136,0,1.7106569999999977,0.18189777043383085,0.2193855918598474,0.0952913131676586,1.4324393165859488
496899.28,506244.84,5.0,27.873217,9.345563,0.061770182,40.132374,-75.641846,40.133198,-75.641945,4.2640705,31.309814,28.457445,1.3639861,7.8964314,74.082634,24.73707,0,2.8523689999999995,0.09983837497869104,0.10516987723153133,0.03885446167726163,0.3068115912184254
1079189.5,1088928.9,5.0,45.672085,9.739375,0.114079565,41.84787,-87.61395,41.84693,-87.61226,3.4223795,47.27484,45.678383,1.8548175,6.5310206,63.84452,43.240067,0,1.596457000000001,0.05252433873103624,0.10071815783353781,0.02260394406726373,0.14762682434454721
353533.1,358349.1,5.0,14.809831,4.8160005,0.016302854,41.810223,-87.59011,41.81041,-87.589966,2.808878,11.533707,19.632282,2.4765282,15.58546,75.62394,14.972216,0,8.098575,0.7662647077480361,0.2034019654953791,0.06260872004235354,0.9757857018712994
317901.44,321269.1,5.0,18.063143,3.3676565,0.009799582,41.80964,-87.59013,41.80978,-87.59015,2.2200878,21.311779,14.849053,2.2556136,9.863523,33.574127,37.839176,0,6.462726000000002,1.045740824700745,0.28528624887621895,0.025747199168180086,0.25395809118092516
293386.16,297079.78,5.0,27.842903,3.6936252,0.022943662,41.806946,-87.5881,41.80716,-87.58843,2.2066586,26.925714,28.976786,1.8500637,8.277073,30.872135,10.347601,0,2.0510720000000013,0.2889360086054154,0.2596962205387245,0.08812435333247971,0.7294117056107279
198145.4,202418.7,5.0,7.9288917,4.2732973,0.005910318,41.800175,-87.58561,41.80022,-87.58569,4.140317,6.1583548,11.321591,1.8483944,19.558954,84.28954,5.213684,0,5.1632362,0.5844903298428324,0.22932418207437863,0.1609351231893994,3.147722671445796
1192632.6,1197160.5,5.0,10.079539,4.5278754,0.00909303,40.120968,-75.64251,40.121086,-75.64245,3.8165858,8.025743,13.341928,2.1590552,18.558323,84.702,3.8271205,0,5.316184999999999,0.5517703822482811,0.21654480642225388,0.20716284169827542,3.8445949298344644
1133116.1,1136702.5,5.0,28.66382,3.5863752,0.023618024,40.114944,-75.64005,40.115204,-75.63977,3.8150969,27.954617,30.003265,1.488331,6.9028306,25.006205,20.157536,0,2.048648,0.30163640772869726,0.26543013869190063,0.04726448297193019,0.32625871935181866
1255793.9,1260247.2,5.0,9.050717,4.4533753,0.007211004,41.84743,-87.62702,41.847347,-87.626945,3.06514,5.8920097,12.633723,1.528192,18.093168,81.23076,13.434777,0,6.7417133,0.717358643616671,0.2200291958872811,0.06927713535165801,1.2534428484762874
1162197.8,1166687.5,5.0,11.314332,4.4897504,0.009254251,41.849216,-87.628334,41.84913,-87.62821,3.3591237,8.617726,13.56211,1.9027127,18.226896,82.49417,13.668617,0,4.944384000000001,0.5197313279389943,0.21830142152440105,0.0681727527550825,1.242577674500602
182470.0,187431.1,5.0,8.028325,4.961094,0.008710003,41.799942,-87.58559,41.800034,-87.58551,2.9889646,10.829838,7.270482,1.789921,16.729479,83.60233,11.991323,0,3.559356,0.3221107682632417,0.19774253262291952,0.07697445441084022,1.287742518602609
156396.89,160054.39,5.0,7.0489535,3.6575003,0.003670344,41.799515,-87.5872,41.799557,-87.58716,4.850685,8.052285,6.1538873,3.2186925,22.30639,82.39341,9.984729,0,1.8983976999999994,0.2714004999926517,0.2674838455460689,0.0910354729734343,2.030672763979885
2077777.2,2082063.0,5.0,10.122153,4.2857504,0.008593958,44.21365,-89.47632,44.213623,-89.47649,22.193878,7.4937487,13.645332,1.1638033,10.807521,46.747208,8.603639,0,6.1515832999999995,0.6933405453804561,0.22634875320877398,0.10412719595145133,1.1253568569164252
1074417.1,1080290.2,5.0,13.3470745,5.873125,0.017087676,44.213818,-89.24683,44.21364,-89.24702,16.071428,12.884772,13.8913965,1.9244696,14.299757,84.55172,2.7589447,0,1.006624500000001,0.07072348126665709,0.1671475103013709,0.26603211268311555,3.80419456556517
1073027.6,1078240.8,5.0,10.668528,5.213125,0.013698222,41.84742,-87.627075,41.84728,-87.62692,4.6298447,5.1645956,17.818209,1.8949442,15.981285,83.89101,32.716537,0,12.6536134,1.0630834416243071,0.1882565067844051,0.029659036454425906,0.4739895144035699
1027050.94,1031612.44,5.0,10.192529,4.5615,0.010222587,41.84921,-87.62835,41.84912,-87.628204,4.6278715,7.1057444,12.300539,3.2607605,17.140633,78.80753,17.31696,0,5.194794600000001,0.5332205292482156,0.2147746334211822,0.05459421214000576,0.9357793542159835
182916.84,189253.69,5.0,6.9978886,6.336844,0.010177411,41.799984,-87.585655,41.80005,-87.585495,3.7680597,6.9578533,8.8171425,1.1786647,14.349188,91.44816,18.332758,0,1.8592891999999992,0.11655674827513278,0.1552133433483154,0.05172567721584267,0.742221466797443
154129.02,157967.44,5.0,10.424421,3.838422,0.008398889,41.7995,-87.587204,41.799553,-87.587074,3.1767058,9.3565235,12.6761,2.1038287,22.854488,88.552765,4.3989124,0,3.3195765,0.4414216215144644,0.25520694977983094,0.1852224903667635,4.233165183417312
476576.03,480980.5,5.0,28.717833,4.404469,0.029955447,41.8333,-87.88079,41.83289,-87.88062,19.387754,28.319658,28.588089,1.5150696,7.2474475,32.208733,19.472,0,0.26843099999999964,0.02903971386437494,0.21823920533192276,0.04884720593982024,0.35401756057053535
465068.75,469354.2,5.0,12.375868,4.2854376,0.010391631,41.83403,-87.881325,41.83393,-87.88119,9.438776,12.079474,13.7124405,2.0752528,17.369658,75.12581,6.5908413,0,1.6329665000000002,0.18407063551024277,0.2281704194674579,0.13173770343479582,2.2882388543678287
