is_ios,source_file,eventType,eventSampleSpeed,eventDurationSeconds,eventMilesDriven,eventGPSSignalStrength,eventStartSpeed,eventEndSpeed,memsMedianHorizontalNorm,gyro_angular_change_per_second,gyroAngleChange,mems_radius,eventSpeedChange
0,android_turns.csv,5.0,12.743101,3.1735,0.007653825,15.306123,10.714942,13.421639,3.0998526,17.929585,57.610783,23.95911,2.706697
0,android_turns.csv,5.0,11.281634,2.7377188,0.00857287,19.387754,9.529365,10.491248,1.1731364,11.777087,32.709633,9.3242035,0.9618830000000003
0,android_turns.csv,5.0,11.028114,3.9675548,0.009012268,16.836735,8.4780035,14.696693,2.366215,22.094933,88.53948,3.0875568,6.2186895
0,android_turns.csv,4.0,19.864027,5.35643,0.025984313,20.663265,22.033857,18.58897,2.522688,16.592813,89.5366,12.669695,-3.4448870000000014
0,android_turns.csv,5.0,16.620464,5.078434,0.019169936,19.387754,19.64033,18.141582,2.2527475,18.612541,95.26102,10.121602,-1.498747999999999
0,android_turns.csv,4.0,6.151584,2.9755,0.004350037,19.897959,2.5948503,8.276677,3.1890652,27.415617,82.66284,10.97567,5.681826699999999
0,android_turns.csv,4.0,8.474273,5.634813,0.012432788,22.193878,11.811042,3.8699062,1.8132926,15.221751,86.37575,9.26329,-7.9411358000000005
0,android_turns.csv,4.0,18.418962,4.722125,0.02160642,17.34694,17.85078,21.810163,3.0416138,19.948822,94.99243,19.63907,3.959382999999999
0,android_turns.csv,5.0,10.073687,3.7299378,0.006174002,17.34694,10.849157,8.4780035,2.9104438,23.229597,87.56671,11.355587,-2.3711535
0,android_turns.csv,5.0,11.956444,4.007735,0.010325372,16.836735,3.265932,21.139082,3.0600047,21.086802,85.34704,16.399647,17.87315
0,android_turns.csv,4.0,6.8823185,6.110883,0.011722511,21.428572,11.229438,3.937014,1.928998,14.422221,88.704796,29.668463,-7.2924240000000005
0,android_turns.csv,5.0,17.694193,4.0859375,0.013396961,11.989796,15.390145,19.796917,2.656713,22.1415,91.34713,8.719348,4.406772
0,android_turns.csv,4.0,14.562478,4.4428754,0.012266297,6.8877554,9.216192,20.020609,2.767066,21.811087,97.76915,12.454933,10.804417
0,android_turns.csv,5.0,16.005304,4.2444534,0.012463305,8.163265,8.388525,21.877274,2.8727238,15.729628,67.38763,9.477533,13.488749
0,android_turns.csv,4.0,13.6140175,5.2362347,0.018170988,6.632653,2.706697,18.320538,2.1288443,16.513271,87.12242,15.664234,15.613840999999999
0,android_turns.csv,5.0,10.084125,4.284133,0.013774924,13.265306,7.560857,11.028113,2.8907151,20.262194,87.60969,4.315908,3.467255999999999
0,android_turns.csv,4.0,13.332162,4.839578,0.015703784,8.163265,4.652835,17.381023,1.8026978,18.086489,88.24844,7.870353,12.728188
0,android_turns.csv,5.0,16.508615,5.1958594,0.017310476,10.204082,15.770426,19.841658,4.9222465,19.959627,104.499084,31.65364,4.071231999999998
0,android_turns.csv,4.0,10.925213,4.759578,0.015751127,10.714286,6.733189,6.5542336,2.8619123,18.415058,88.3783,11.967961,-0.17895540000000043
0,android_turns.csv,5.0,18.997211,4.087375,0.009306922,13.010204,16.150705,20.244307,2.2638881,21.503347,88.74557,5.307482,4.093602000000001
0,android_turns.csv,4.0,19.389793,4.6826253,0.02015866,13.265306,17.090221,24.673449,2.6116943,20.363525,96.16284,12.263102,7.583228000000002
0,android_turns.csv,4.0,9.672528,4.285625,0.00881372,11.22449,7.202946,16.77705,1.8282379,20.397463,88.22528,9.4752245,9.574103999999998
0,android_turns.csv,5.0,11.447538,4.2064376,0.009582674,10.204082,6.6884503,17.627085,1.9176455,12.339009,52.388348,17.361412,10.938634700000001
0,android_turns.csv,5.0,5.314969,4.9598126,0.006728521,16.32653,2.259309,7.9411364,0.6621094,12.617251,63.079838,4.5673494,5.6818274
0,android_turns.csv,4.0,8.258781,4.7220316,0.009071294,9.183674,10.0438595,4.47388,1.1317598,11.250168,53.570065,10.7762,-5.5699795
0,android_turns.csv,5.0,8.483594,4.166469,0.006303502,13.520409,8.209569,9.30567,1.434945,13.291544,55.906227,6.4373336,1.096100999999999
0,android_turns.csv,4.0,10.5136175,4.7219067,0.00933154,9.948979,4.2054467,18.790295,2.293165,19.320288,91.995224,16.040436,14.5848483
0,android_turns.csv,5.0,17.255753,4.364844,0.018333465,18.367348,6.9345136,19.416637,2.5177422,19.238392,84.73596,4.311239,12.482123400000003
0,android_turns.csv,5.0,12.185729,4.245594,0.012301646,19.132652,4.787051,15.725687,2.0086043,20.670204,88.57746,1.8138013,10.938636
0,android_turns.csv,4.0,13.89587,4.801141,0.015668066,15.306123,6.0844765,18.58897,2.2775269,17.671757,85.54579,19.140535,12.504493499999999
0,android_turns.csv,5.0,11.084038,4.2061095,0.009693391,17.34694,4.518618,14.047981,2.2253137,21.170132,89.883934,2.7036335,9.529363
0,android_turns.csv,4.0,16.105967,3.0548127,0.013996412,14.540816,18.007366,14.629587,1.9136517,12.827535,39.694622,30.658424,-3.3777790000000003
0,android_turns.csv,5.0,19.389793,5.474813,0.021725243,14.285714,20.445631,20.893019,2.6537852,15.782527,87.03252,33.839832,0.4473880000000001
0,android_turns.csv,4.0,17.66735,5.038438,0.019205341,18.87755,12.191322,22.816786,2.7608073,16.87381,85.68707,22.797901,10.625464000000001
0,android_turns.csv,4.0,17.216982,5.1970315,0.018737316,10.459184,13.667703,27.380144,2.4655824,16.11115,84.38945,22.909277,13.712441000000002
0,android_turns.csv,5.0,11.761831,4.7210627,0.013376248,10.714286,10.535987,9.193823,2.2714202,18.548481,88.304405,18.123484,-1.3421640000000004
0,android_turns.csv,5.0,35.369217,7.339438,0.058047976,12.755102,34.1357,29.460499,1.687265,7.2225914,53.2963,99.23665,-4.675201000000001
0,android_turns.csv,4.0,17.716564,5.8318753,0.024650889,12.244898,12.884772,24.315536,1.8962514,13.930431,81.7932,25.471048,11.430764000000002
0,android_turns.csv,4.0,15.738451,3.4769378,0.013493666,1.5328679,11.7813835,19.62556,1.3699844,9.494949,33.35724,37.995712,7.8441765
0,android_turns.csv,4.0,17.614796,2.4266562,0.009790031,3.2968411,16.154812,19.328545,1.4548243,10.865139,26.75948,23.74363,3.1737329999999986
0,android_turns.csv,5.0,11.63088,3.1872814,0.010135637,2.5333261,8.111785,14.864274,1.6165265,13.1356735,42.34285,9.146288,6.752489000000001
0,android_turns.csv,5.0,7.7591,4.5998597,0.007649539,3.0319476,6.9940343,10.293024,1.5380197,19.468254,90.25637,6.233544,3.298989700000001
0,android_turns.csv,4.0,5.43102,4.5274377,0.005006963,1.7825519,2.5441697,7.9274497,0.9655751,17.935736,81.85255,6.116501,5.383280000000001
0,android_turns.csv,4.0,6.4651494,6.447391,0.01086778,3.346953,7.445166,4.5580053,1.0059364,14.175184,91.9064,1.9625666,-2.887160700000001
0,android_turns.csv,5.0,6.919808,5.1434064,0.006893582,4.03082,8.859826,6.2737503,1.2399218,16.852331,87.288795,7.7344766,-2.5860757000000003
0,android_turns.csv,4.0,11.282194,5.0709066,0.012370514,2.9847264,8.14375,13.322565,1.7524247,19.259855,98.36254,4.520227,5.178815
0,android_turns.csv,5.0,10.633601,3.9119065,0.00883358,3.8501117,12.152343,10.893514,1.8941398,22.215368,87.70911,6.6289115,-1.2588290000000004
0,android_turns.csv,4.0,19.885094,9.381578,0.043645814,2.3551402,17.623583,22.556856,1.9108144,11.039498,103.96779,7.603957,4.933273
0,android_turns.csv,5.0,24.09053,5.6189923,0.027394835,1.7268672,24.00111,23.11936,1.4883149,7.9759927,45.106186,14.790797,-0.8817500000000003
0,android_turns.csv,5.0,29.28716,15.173688,0.11411504,2.4778624,30.997713,29.607496,0.48752388,6.690226,101.75769,14.147639,-1.3902169999999998
0,android_turns.csv,4.0,29.258516,11.950657,0.07986205,1.9726135,32.964577,28.341969,0.81096065,6.599388,79.10602,11.558389,-4.622608
0,android_turns.csv,5.0,21.132391,6.3736877,0.029071659,3.4393592,19.555786,24.64109,3.0252643,14.6883135,94.15065,4.0506124,5.085303999999997
0,android_turns.csv,5.0,16.232857,5.2169065,0.017514793,2.4002807,14.525237,20.183868,1.5422758,10.918913,57.35853,20.622578,5.658631
0,android_turns.csv,4.0,12.707654,8.078719,0.026349649,5.3855224,6.6652536,18.55743,0.7646418,10.628964,86.25347,4.983142,11.8921764
0,android_turns.csv,4.0,11.243034,4.8037815,0.012406387,3.6766067,6.978685,13.631631,2.244937,20.12628,97.40917,1.5852625,6.652946000000001
0,android_turns.csv,5.0,11.43855,4.0566955,0.009138593,3.9457932,9.403364,14.34944,1.872885,21.636492,88.55634,6.6946774,4.946076
0,android_turns.csv,4.0,13.877511,5.5052505,0.015563535,2.3587735,7.1113086,19.897284,1.9670213,18.68324,103.5326,5.0966673,12.785975399999998
0,android_turns.csv,5.0,9.13797,5.8811255,0.012580036,2.263901,8.035872,8.910383,1.2861676,14.527308,85.961075,5.187884,0.874511
0,android_turns.csv,4.0,13.7993145,4.2015004,0.011713381,2.0512826,13.229864,15.459779,2.3032322,18.965712,80.37138,4.817575,2.229915
0,android_turns.csv,5.0,11.941442,4.274,0.00965225,1.8068423,10.343784,13.522298,2.0758872,19.571955,84.35944,2.7079175,3.178514
0,android_turns.csv,4.0,11.39,5.3356876,0.016109763,2.214674,11.873104,12.823156,1.2553523,14.849546,79.39037,4.568006,0.9500520000000012
0,android_turns.csv,4.0,43.425877,13.436907,0.14429186,3.0921874,44.414745,45.247223,1.2234854,7.063112,95.162186,63.373375,0.8324779999999947
0,android_turns.csv,4.0,16.688852,6.012516,0.022538088,2.194656,12.187534,19.156729,1.4725415,6.548029,39.60588,87.96259,6.969194999999999
0,android_turns.csv,5.0,9.714103,3.1149845,0.005789883,5.029112,6.7726846,12.309963,1.5800734,11.310661,35.642216,41.248817,5.5372784
0,android_turns.csv,5.0,6.195328,3.9481096,0.004467828,2.8525653,6.1265087,4.8446617,1.1050127,22.67255,90.33494,4.413917,-1.281847
0,android_turns.csv,4.0,5.5592227,5.360719,0.006194736,2.4607835,2.4728045,7.3658185,0.7752495,15.032756,81.13088,6.7249312,4.893013999999999
0,android_turns.csv,4.0,6.6254625,5.252055,0.009139109,3.0310762,9.020829,4.1669407,1.0651032,15.910549,84.13937,5.7642436,-4.853888300000001
0,android_turns.csv,5.0,7.5793552,4.9985313,0.008557434,3.395524,9.648649,7.1029325,1.7662827,17.475393,87.98428,9.007772,-2.545716500000001
0,android_turns.csv,4.0,11.5916605,5.6143126,0.01362276,3.416469,7.269586,15.3086605,2.2087407,18.359106,103.73875,13.746216,8.0390745
0,android_turns.csv,5.0,10.79202,3.7670665,0.008451482,4.092439,11.999654,10.833087,2.5317698,23.031013,87.59359,7.7445707,-1.1665669999999988
0,android_turns.csv,5.0,12.371704,6.555469,0.017098047,2.4399192,10.974153,12.556647,0.8006269,10.159149,66.965935,8.072183,1.5824940000000005
0,android_turns.csv,4.0,13.157052,4.4909534,0.011218352,3.389101,10.388215,15.482033,2.3053408,21.709784,98.28389,6.065581,5.093817999999999
0,android_turns.csv,5.0,11.608261,3.549375,0.006133393,3.680827,10.772672,12.789589,2.4016962,24.808424,88.95292,4.5014925,2.0169169999999994
0,android_turns.csv,4.0,26.461405,7.786391,0.05083573,1.419443,28.164547,29.060656,0.2768751,13.342327,104.37177,2.2718155,0.8961090000000027
0,android_turns.csv,5.0,30.439096,11.842782,0.09301778,2.3492365,19.554066,38.010403,0.22055726,7.07328,84.0227,5.861442,18.456336999999998
0,android_turns.csv,4.0,10.604725,6.4849377,0.018636758,2.337421,6.748412,11.400393,0.3022115,11.860362,77.34339,1.7468461,4.651980999999999
0,android_turns.csv,4.0,11.506858,6.3745317,0.020210616,3.228301,12.824707,8.076443,1.3666141,10.119854,64.87586,17.496916,-4.748264000000001
0,android_turns.csv,5.0,19.610737,3.5856721,0.011029424,0.85666656,18.75988,20.67149,2.8159883,13.965567,50.58176,3.042758,1.9116099999999996
0,android_turns.csv,4.0,15.565373,5.5941877,0.02041305,12.755102,17.179699,15.546732,2.2189035,17.977604,101.283356,23.526718,-1.632966999999999
0,android_turns.csv,4.0,7.0060954,9.520906,0.017920192,7.6530614,4.4962487,6.9792523,1.1139874,18.939455,181.07211,8.634656,2.4830036
0,android_turns.csv,5.0,11.005744,3.9670782,0.007919774,5.867347,12.236061,11.654456,2.1401458,20.93308,83.8736,11.061741,-0.5816049999999997
0,android_turns.csv,4.0,11.077823,8.410266,0.022246668,6.632653,13.936134,7.8963976,1.0478958,11.565957,97.73161,25.995245,-6.039736399999999
0,android_turns.csv,5.0,28.21075,7.4965787,0.047738302,1.6859748,24.084143,28.326454,1.8317864,8.103545,61.042343,42.109184,4.242310999999997
0,android_turns.csv,4.0,11.730898,5.215141,0.013094818,2.838829,6.6788406,16.478592,1.8212736,15.532129,81.56476,17.80004,9.799751399999998
0,android_turns.csv,5.0,7.8736277,6.700219,0.012346639,2.0234826,13.652272,6.4249334,1.4048803,14.824455,99.864006,19.696846,-7.2273386
0,android_turns.csv,5.0,21.27776,4.9982815,0.02355655,4.25373,20.778036,21.609365,1.294492,7.6606374,38.567486,70.58639,0.8313290000000002
0,android_turns.csv,4.0,18.307573,4.7809925,0.021037154,5.165283,16.037752,19.157139,1.0714308,7.572877,36.480156,58.138577,3.1193869999999997
0,android_turns.csv,4.0,17.592905,16.29931,0.07852907,4.326119,21.720446,19.703844,0.79695046,10.235713,167.20583,14.7072735,-2.016601999999999
0,android_turns.csv,5.0,10.070179,5.6124067,0.013701896,2.3605266,11.171114,11.197522,0.58014894,14.663171,82.82662,10.096823,0.026407999999999987
0,android_turns.csv,5.0,10.705303,4.055422,0.008311641,2.334535,9.366481,12.997513,1.5767471,19.44515,92.001335,14.57983,3.6310319999999994
0,android_turns.csv,4.0,7.2296796,7.531641,0.013618123,0.8419657,5.3675613,15.970686,1.5547556,10.250287,83.14006,12.24859,10.6031247
0,android_turns.csv,5.0,11.7800865,4.01975,0.013648218,21.593111,9.952721,13.710989,2.185914,20.158077,81.79487,2.8815463,3.7582679999999993
0,android_turns.csv,4.0,7.7639394,4.762125,0.006818876,7.3026905,3.5323386,11.880538,1.5152967,18.577728,89.144806,9.320921,8.348199399999999
0,android_turns.csv,4.0,13.615067,8.093875,0.026856184,2.9291186,9.199824,17.919739,1.4444267,9.345539,75.97932,16.252998,8.719915
0,android_turns.csv,5.0,14.157781,4.309625,0.015508518,1.0397775,7.8879924,19.682228,2.5149684,21.224545,92.23849,3.3862503,11.794235599999999
0,android_turns.csv,4.0,17.895733,5.2400002,0.019651614,2.37064,18.294924,20.074287,1.7509116,14.534798,76.684,6.5688667,1.779363
0,android_turns.csv,5.0,18.947645,5.194766,0.020421822,3.362414,16.504843,23.368797,2.417439,15.8768635,83.04935,11.624009,6.863954
0,android_turns.csv,4.0,12.65365,5.3591876,0.018434022,0.8658496,3.6780252,20.732443,2.0960388,18.82185,101.55138,15.804001,17.0544178
0,android_turns.csv,5.0,12.879081,4.7797503,0.014810964,2.2467723,6.7791433,18.647213,2.6488438,17.624746,84.88009,15.677821,11.8680697
0,android_turns.csv,4.0,13.703464,4.3453126,0.011432262,2.6002612,13.497222,14.971985,2.0929372,19.222458,84.223656,3.9476895,1.4747629999999994
0,android_turns.csv,5.0,11.33176,4.9247503,0.0125178,1.9762139,7.6036334,15.246584,1.8748852,16.7893,83.291084,8.547067,7.642950600000001
0,android_turns.csv,4.0,13.459399,5.3230004,0.01877138,2.3993337,12.456742,15.135815,1.4228365,14.981794,80.286934,5.0561223,2.679072999999999
0,android_turns.csv,4.0,5.6717286,4.0558753,0.005183049,3.671342,6.6029406,4.053044,1.0378567,13.275635,54.32507,10.682714,-2.5498966000000003
0,android_turns.csv,4.0,19.456913,8.728032,0.038261317,1.9554083,12.75314,24.445206,1.7799522,11.055522,96.89333,12.270194,11.692065999999999
0,android_turns.csv,5.0,26.22443,7.4971642,0.05258592,2.470868,26.337702,22.542063,1.9373546,7.565168,56.991302,40.78571,-3.7956390000000013
0,android_turns.csv,4.0,19.401499,5.0335627,0.021278039,1.2837689,14.025608,24.246206,2.0952542,10.811213,54.810417,50.86468,10.220598
0,android_turns.csv,5.0,17.252346,3.6937501,0.009223424,1.7411487,14.397596,20.272665,2.4951239,16.560873,61.77145,6.8083935,5.875069
0,android_turns.csv,4.0,23.131992,3.3316252,0.019678298,1.9711232,29.87709,15.633176,2.7379622,8.887235,29.934305,72.812675,-14.243913999999998
0,android_turns.csv,4.0,11.7471285,6.8243127,0.021120349,16.32653,15.524363,8.92539,1.5103666,12.396622,85.09027,4.033267,-6.598972999999999
0,android_turns.csv,5.0,18.275797,4.761,0.020337416,21.428572,15.323038,20.467999,2.3949108,15.600079,74.89091,7.1502423,5.144960999999999
0,android_turns.csv,4.0,18.111757,6.189188,0.023956493,10.714286,16.284922,20.669325,1.6878359,10.243012,63.802315,21.361883,4.384402999999999
0,android_turns.csv,4.0,12.034737,5.434938,0.013627608,9.693877,8.075354,15.166451,1.639431,16.57541,90.74389,8.802436,7.0910969999999995
0,android_turns.csv,4.0,14.786172,4.8801875,0.016702352,14.285714,15.009867,16.821789,1.7843238,17.054928,83.90792,3.5934424,1.8119219999999991
0,android_turns.csv,5.0,11.761829,4.6024375,0.012832173,12.244898,12.8400345,13.77955,2.4133797,19.59614,90.96086,4.9482307,0.9395155000000006
0,android_turns.csv,5.0,12.001183,4.2452188,0.010109039,13.520409,9.126715,15.0546055,2.222025,21.184679,90.77409,7.4240255,5.927890499999998
0,android_turns.csv,4.0,7.730864,4.324719,0.009272012,10.714286,8.970128,6.777928,1.7392617,20.379118,88.94252,3.8607078,-2.1922000000000006
0,android_turns.csv,5.0,10.200446,3.88825,0.00868494,7.142857,11.721563,9.037236,2.1051152,23.556372,92.52769,1.1497697,-2.6843269999999997
0,android_turns.csv,4.0,12.088422,5.03886,0.014692202,20.918367,3.4896262,19.908764,2.3221042,17.300926,87.86338,13.187523,16.4191378
0,android_turns.csv,5.0,33.143063,7.5779066,0.06516806,11.224489,32.950123,35.05285,1.4747858,6.8071785,51.85424,77.06137,2.1027270000000016
0,android_turns.csv,4.0,15.632481,5.197438,0.022795886,13.775511,12.1465845,21.5641,1.9348481,15.466171,80.998085,15.675101,9.4175155
0,android_turns.csv,4.0,10.647834,2.9358127,0.008272813,22.959183,14.54011,10.849157,0.5863757,9.015625,26.825865,15.799534,-3.6909530000000004
0,android_turns.csv,4.0,17.645725,6.506407,0.0256437,20.408163,16.978373,10.78205,1.522885,10.519666,68.86257,22.837044,-6.196323000000001
0,android_turns.csv,4.0,9.3168545,6.149563,0.013175044,22.959183,14.204568,2.4830034,1.0023252,13.636359,84.39866,5.4770374,-11.7215646
0,android_turns.csv,4.0,16.369926,5.1176877,0.016184567,18.367348,7.4937487,26.530107,2.1342819,16.807732,86.68352,10.38521,19.0363583
0,android_turns.csv,5.0,27.08375,4.5623126,0.022847367,13.010204,25.008986,28.342031,1.4913142,7.059382,32.48717,5.9004865,3.3330449999999985
0,android_turns.csv,5.0,14.601625,3.6497502,0.010698221,16.071428,14.0032425,17.000744,2.6739573,19.735056,72.810936,5.4275856,2.9975015000000003
0,android_turns.csv,4.0,35.44271,13.727188,0.1261852,11.734694,34.359398,35.612083,1.3725176,9.547559,131.44325,8.79352,1.2526849999999996
0,android_turns.csv,5.0,23.502783,6.3479066,0.030315088,12.244898,22.145704,29.818409,2.5370967,14.31719,91.45221,13.526032,7.6727050000000006
0,android_turns.csv,5.0,18.132635,4.9592423,0.02085317,12.244898,17.51524,19.953505,2.665633,15.096491,75.466095,8.35594,2.4382650000000012
0,android_turns.csv,4.0,16.876112,6.387711,0.028361335,5.612245,12.2584305,21.116714,1.9555238,13.808542,88.75284,6.562292,8.858283500000002
0,android_turns.csv,5.0,13.533485,3.4515157,0.00700002,7.6530614,14.607217,12.750557,3.039029,23.480907,81.976265,11.631861,-1.8566599999999998
0,android_turns.csv,4.0,34.476837,8.132973,0.067581,10.459184,30.400013,36.23842,1.7549735,6.8926215,56.33095,101.50526,5.838406999999997
0,android_turns.csv,5.0,17.367601,4.2060313,0.015976895,12.244898,14.987497,27.872269,2.9886608,20.510471,87.07393,14.442184,12.884772
0,android_turns.csv,5.0,14.951706,5.4754066,0.016852994,8.163265,10.938637,17.13496,1.7202055,12.996143,71.67482,26.89054,6.196323
0,android_turns.csv,4.0,15.090395,5.1975627,0.016411489,8.163265,11.855782,19.64033,2.0770886,15.429209,80.80645,23.902092,7.784547999999999
0,android_turns.csv,4.0,17.054478,5.214563,0.018463407,2.9453263,15.238684,21.017672,2.6654406,17.385351,91.286575,11.140915,5.778988000000002
0,android_turns.csv,5.0,11.869086,6.373438,0.018389978,2.630023,8.100629,19.679657,1.6749883,13.843417,88.731476,15.14362,11.579028
0,android_turns.csv,4.0,20.379786,4.78,0.016749272,1.3571658,22.455372,18.405344,0.7892773,8.422953,40.56673,18.926788,-4.050028000000001
0,android_turns.csv,4.0,13.500446,4.961735,0.014369132,4.472429,8.437016,19.628777,1.959369,19.4549,97.23466,7.210285,11.191761
0,android_turns.csv,5.0,14.684058,4.165078,0.011656161,3.1453052,10.383827,19.670248,3.0803814,23.192171,97.43717,2.929459,9.286421
0,android_turns.csv,4.0,8.558532,4.7997503,0.008778555,10.714286,6.062107,10.983376,1.3547755,17.835918,86.31545,4.2522426,4.921269
0,android_turns.csv,4.0,17.332554,6.7435,0.023777615,13.520409,14.047981,21.653576,1.6539644,12.805447,86.85852,3.9245422,7.605595000000001
0,android_turns.csv,5.0,9.908352,6.5202503,0.01237288,4.380561,6.4944506,13.785519,1.0072017,12.95083,84.91178,2.4425104,7.2910684
0,android_turns.csv,5.0,12.634729,4.89025,0.010941969,5.9400826,11.067533,14.52281,1.8862389,16.984863,83.670975,1.5113988,3.4552770000000006
0,android_turns.csv,5.0,10.046268,5.3975,0.013044719,1.8040996,6.3040366,13.68394,1.4048996,14.432813,78.42393,5.703575,7.3799034
0,android_turns.csv,4.0,15.985942,2.100883,0.008608988,3.3881214,14.804844,17.360233,1.8221743,16.551382,35.372047,1.8488377,2.5553890000000017
0,android_turns.csv,4.0,12.095226,3.584875,0.006440599,2.5594616,10.343245,13.326852,3.4410312,25.268238,91.49846,4.7075706,2.983607000000001
0,android_turns.csv,5.0,11.510958,4.09175,0.009573901,2.7418146,7.390687,15.392683,2.7688098,18.04719,74.498085,14.40978,8.001996
0,android_turns.csv,5.0,19.58507,4.817813,0.015803812,2.8702283,20.502096,19.346533,3.0296385,15.13254,73.45391,27.334621,-1.1555630000000008
0,android_turns.csv,5.0,14.189655,4.3641253,0.01472967,7.397959,14.54011,16.575724,2.0967011,17.500519,77.09497,17.153858,2.0356140000000007
0,android_turns.csv,4.0,15.609366,4.3641562,0.016794918,6.632653,13.690072,18.544231,2.093088,17.30336,76.201065,20.162079,4.854158999999999
0,android_turns.csv,5.0,16.217813,5.236969,0.018267164,5.612245,16.217813,15.770426,1.1324317,9.173037,48.40284,38.9836,-0.4473869999999991
0,android_turns.csv,4.0,23.225029,4.5228753,0.020135058,5.612245,22.078596,24.606339,1.2988317,8.743452,39.892433,55.338505,2.5277429999999974
0,android_turns.csv,5.0,23.528133,4.998969,0.026355494,5.612245,23.308912,24.226059,1.8055289,10.066693,50.722477,50.779015,0.9171469999999999
0,android_turns.csv,4.0,23.315304,7.300125,0.039279163,6.122449,23.622084,24.382645,0.72968435,6.6919484,49.117558,56.593037,0.7605609999999992
0,android_turns.csv,4.0,10.867013,5.2512503,0.013786587,3.2506864,7.4136,13.906098,1.2725538,14.663892,77.53483,7.758794,6.492498
0,android_turns.csv,4.0,15.156716,7.360938,0.025287416,2.479713,12.024883,18.156233,1.3343182,11.217661,82.97927,11.18914,6.131349999999999
0,android_turns.csv,4.0,13.744835,5.758469,0.01884457,1.3739169,10.782639,18.44992,1.6462327,13.643488,79.05973,13.502346,7.667280999999999
0,android_turns.csv,4.0,16.32928,5.576438,0.018371245,2.3458278,11.233236,21.41864,2.3620043,18.694422,104.925224,5.0013213,10.185404
0,android_turns.csv,5.0,10.753224,6.4093127,0.015667401,4.535989,7.9676456,11.192323,1.3560656,13.488603,86.9411,18.296648,3.2246774
0,android_turns.csv,4.0,16.516762,6.0110626,0.023743918,4.164035,18.351559,16.389479,1.3862326,13.620323,82.36583,8.753262,-1.9620800000000003
0,android_turns.csv,5.0,10.5899315,4.1280627,0.009042279,4.469368,8.242042,12.514049,2.1058836,21.1666,88.14352,5.0333185,4.272007
0,android_turns.csv,4.0,11.833498,6.2283754,0.017603783,4.162197,11.277106,13.798414,1.0312126,13.516558,84.67565,5.6547008,2.5213079999999994
0,android_turns.csv,5.0,5.0591345,5.757813,0.007316972,4.4754887,3.8255305,5.806782,0.7201774,11.988217,69.46004,10.552176,1.9812515
0,android_turns.csv,4.0,17.095188,6.167594,0.023682037,2.9622908,18.612535,18.683392,2.1117218,14.4046955,89.364914,11.622757,0.07085700000000017
0,android_turns.csv,5.0,13.434778,4.5967813,0.011007035,2.6852293,13.296931,14.613075,1.9667765,15.865808,73.50591,2.175392,1.3161439999999995
0,android_turns.csv,5.0,8.204757,3.9472034,0.006282416,3.0713909,5.876012,11.6862135,1.8316357,20.943098,83.42508,4.7165155,5.810201499999999
0,android_turns.csv,4.0,5.2645082,9.451656,0.01254336,2.2095544,1.1748931,5.4953833,0.6516352,8.249065,78.26605,38.274048,4.3204902
0,android_turns.csv,4.0,5.4343057,5.402953,0.007779725,2.440609,8.122513,2.6721096,0.9218058,17.192162,93.51607,4.659741,-5.450403399999999
0,android_turns.csv,4.0,10.137641,5.851172,0.011151479,3.9057384,7.7437434,12.13763,1.4511232,16.298868,95.95982,5.473121,4.3938866
0,android_turns.csv,5.0,10.435438,3.8027346,0.007787317,5.4273634,11.422211,11.680018,2.2264729,22.728481,87.253525,7.057794,0.2578069999999997
0,android_turns.csv,4.0,15.476221,5.938594,0.021539127,3.745962,13.491412,18.095472,1.5865407,14.905203,89.05567,1.967492,4.6040600000000005
0,android_turns.csv,5.0,12.87492,5.4519377,0.01778491,1.9695984,11.962968,14.801511,1.487116,13.524915,74.22532,3.396348,2.8385429999999996
0,android_turns.csv,5.0,27.721087,3.9470315,0.0226156,1.9943504,27.106838,28.542273,1.8259735,8.237869,32.81343,5.329906,1.4354350000000018
0,android_turns.csv,4.0,17.625072,3.6211877,0.014800282,1.2856557,14.106577,21.142956,1.4001381,9.180866,33.5781,30.55987,7.036379000000002
0,android_turns.csv,4.0,15.383358,2.353844,0.004122123,1.8475683,14.60431,16.162407,1.1922917,11.274197,26.945972,9.020565,1.5580970000000018
0,android_turns.csv,5.0,10.273577,2.4262657,0.005518531,2.2562428,7.9282837,12.321068,1.5843788,13.633886,33.573154,16.549477,4.392784300000001
0,android_turns.csv,5.0,9.444866,4.27325,0.007786574,3.4969358,7.1603155,12.570036,1.7107399,18.961176,81.7125,5.077456,5.4097205
0,android_turns.csv,5.0,11.141707,4.8511252,0.012699212,1.025604,7.224238,15.29156,1.696418,17.64133,86.21896,4.4276223,8.067322
0,android_turns.csv,4.0,11.438576,5.7200003,0.016441159,1.4672735,13.304195,9.443607,1.3307532,14.980822,86.23265,5.6160336,-3.860588
0,android_turns.csv,5.0,11.574473,4.4529376,0.009907056,4.4862804,9.88391,13.516918,1.2961743,13.196439,59.240665,5.9636817,3.6330080000000002
0,android_turns.csv,4.0,6.9358435,3.2944376,0.005843744,4.486529,5.0939894,8.479092,1.1594902,14.709395,48.99171,9.535045,3.3851025999999997
0,android_turns.csv,4.0,5.2746935,8.109438,0.010491353,4.4871206,2.0934286,5.3465385,1.1427084,19.328056,157.43628,4.1721473,3.2531099
0,android_turns.csv,4.0,14.281901,3.1141253,0.007231933,2.7839477,11.515813,18.017607,1.6766763,8.777765,27.652912,75.246666,6.501794000000002
0,android_turns.csv,5.0,7.114659,2.8968751,0.003994755,2.5177863,4.5214815,10.0501175,1.5840278,9.983211,29.281616,38.504074,5.5286360000000005
0,android_turns.csv,5.0,8.829704,3.5488596,0.00470131,2.9489157,6.7134924,11.324824,2.1361632,24.68045,88.4812,3.2578177,4.6113316
0,android_turns.csv,4.0,5.69514,7.206391,0.010048889,1.8693135,3.8678076,4.72787,0.8404257,11.494349,83.24901,17.365517,0.8600624000000003
0,android_turns.csv,5.0,9.304515,4.960625,0.009826921,2.4773574,6.413148,14.037897,1.8340912,17.544374,87.66633,4.520975,7.6247489999999996
0,android_turns.csv,5.0,13.42983,3.6571877,0.011030247,2.1206167,10.327003,17.201939,2.6801703,21.821892,80.596924,6.091507,6.874936
0,android_turns.csv,4.0,11.816894,4.7435627,0.012880543,2.9348435,9.324578,14.601663,2.3069358,20.646698,98.68653,4.137968,5.277085
0,android_turns.csv,4.0,9.350359,7.279688,0.014540522,3.5565283,7.694538,9.072594,0.77631205,13.359551,97.734825,11.704285,1.3780560000000008
0,android_turns.csv,5.0,13.023702,2.136844,0.007989305,6.4933567,11.9657345,14.081669,2.443225,12.074992,26.2397,31.221367,2.1159345
0,android_turns.csv,5.0,5.8929825,3.5131798,0.006160586,4.3542533,6.629414,4.4121213,2.4289594,25.197617,89.43637,4.8137054,-2.2172927
0,android_turns.csv,4.0,10.531895,4.1295004,0.009822742,4.0364246,4.568428,16.970184,2.2569234,21.82738,90.92684,10.031331,12.401755999999999
0,android_turns.csv,5.0,14.502754,3.9483128,0.013363565,4.4820766,18.246964,13.145051,2.273156,18.800278,74.910385,6.680998,-5.101912999999998
0,android_turns.csv,4.0,17.151192,4.564125,0.013725691,4.7097497,17.994505,17.306156,2.0696363,14.565927,67.00834,8.311483,-0.6883489999999988
0,android_turns.csv,4.0,22.250174,4.057,0.017710954,4.783754,23.3037,22.103231,1.8324071,12.4997225,51.164154,9.822318,-1.2004689999999982
0,android_turns.csv,5.0,24.588701,4.672813,0.020658184,4.647317,23.983633,25.587694,2.1042624,11.063536,52.09859,11.499595,1.604060999999998
0,android_turns.csv,5.0,18.330612,4.4554377,0.020352835,4.690611,20.160217,18.44956,2.2122245,15.032213,67.5196,9.494136,-1.7106569999999977
0,android_turns.csv,4.0,13.941287,5.6870003,0.02018878,4.367033,11.884353,21.175257,1.865621,13.850051,79.26694,14.428094,9.290903999999998
0,android_turns.csv,5.0,27.873217,9.345563,0.061770182,4.2640705,31.309814,28.457445,1.3639861,7.8964314,74.082634,24.73707,-2.8523689999999995
0,android_turns.csv,4.0,13.627896,3.586094,0.009492559,4.574793,7.0838714,19.491982,2.7788234,16.15557,58.52059,23.393984,12.4081106
0,android_turns.csv,5.0,45.672085,9.739375,0.114079565,3.4223795,47.27484,45.678383,1.8548175,6.5310206,63.84452,43.240067,-1.596457000000001
0,android_turns.csv,4.0,19.79774,1.9553751,0.005584511,4.607236,19.443819,20.151663,4.5419865,17.916471,35.682186,13.573067,0.7078439999999979
0,android_turns.csv,4.0,20.010866,3.3675628,0.011277349,3.4341938,20.37643,19.75698,3.2458286,15.642292,53.242813,25.02872,-0.6194500000000005
0,android_turns.csv,5.0,14.809831,4.8160005,0.016302854,2.808878,11.533707,19.632282,2.4765282,15.58546,75.62394,14.972216,8.098575
0,android_turns.csv,5.0,18.063143,3.3676565,0.009799582,2.2200878,21.311779,14.849053,2.2556136,9.863523,33.574127,37.839176,-6.462726000000002
0,android_turns.csv,5.0,27.842903,3.6936252,0.022943662,2.2066586,26.925714,28.976786,1.8500637,8.277073,30.872135,10.347601,2.0510720000000013
0,android_turns.csv,4.0,15.925377,3.6212502,0.013680071,1.2717011,12.471723,19.27225,1.6027119,9.163211,33.5141,41.08561,6.800526999999999
0,android_turns.csv,5.0,7.9288917,4.2732973,0.005910318,4.140317,6.1583548,11.321591,1.8483944,19.558954,84.28954,5.213684,5.1632362
0,android_turns.csv,4.0,5.413908,4.6354375,0.008617245,5.110094,2.7519925,5.711135,0.9760078,16.07231,75.08423,7.343052,2.9591424999999996
0,android_turns.csv,5.0,10.079539,4.5278754,0.00909303,3.8165858,8.025743,13.341928,2.1590552,18.558323,84.702,3.8271205,5.316184999999999
0,android_turns.csv,4.0,26.595808,4.238375,0.02189338,4.533638,28.026817,25.393568,1.6747953,9.20041,39.328075,33.7847,-2.633249000000003
0,android_turns.csv,5.0,28.66382,3.5863752,0.023618024,3.8150969,27.954617,30.003265,1.488331,6.9028306,25.006205,20.157536,2.048648
0,android_turns.csv,4.0,8.406482,3.6225002,0.007215928,3.8053071,8.011162,8.428859,1.7839022,16.944342,61.99469,3.3662534,0.41769699999999865
0,android_turns.csv,4.0,15.282508,5.5782347,0.021607442,2.4138465,9.4691515,20.93853,1.7189633,15.989889,89.77454,3.3728411,11.4693785
0,android_turns.csv,4.0,15.762717,3.005125,0.011668013,4.265058,14.616698,18.367065,3.8348727,14.235606,43.295197,7.5787115,3.7503670000000007
0,android_turns.csv,4.0,15.885543,3.4758751,0.01354785,3.6716726,18.138876,14.4632015,3.5049455,19.657722,69.039536,14.3175745,-3.6756744999999995
0,android_turns.csv,5.0,9.050717,4.4533753,0.007211004,3.06514,5.8920097,12.633723,1.528192,18.093168,81.23076,13.434777,6.7417133
0,android_turns.csv,4.0,10.561111,4.2725,0.009244439,3.539404,11.393562,10.465062,1.7038686,19.973013,86.05788,5.3388977,-0.9284999999999997
0,android_turns.csv,5.0,11.314332,4.4897504,0.009254251,3.3591237,8.617726,13.56211,1.9027127,18.226896,82.49417,13.668617,4.944384000000001
0,android_turns.csv,4.0,11.366131,7.2055,0.021540025,3.4479322,14.288285,11.147393,1.1248484,11.697901,84.71279,11.900052,-3.140892000000001
0,android_turns.csv,5.0,8.028325,4.961094,0.008710003,2.9889646,10.829838,7.270482,1.789921,16.729479,83.60233,11.991323,-3.559356
0,android_turns.csv,4.0,12.680364,6.300969,0.021339212,3.5214643,8.3157425,15.068774,1.6080562,14.699665,93.151405,6.3903184,6.753031499999999
0,android_turns.csv,5.0,7.0489535,3.6575003,0.003670344,4.850685,8.052285,6.1538873,3.2186925,22.30639,82.39341,9.984729,-1.8983976999999994
0,android_turns.csv,5.0,10.122153,4.2857504,0.008593958,22.193878,7.4937487,13.645332,1.1638033,10.807521,46.747208,8.603639,6.1515832999999995
0,android_turns.csv,4.0,14.098313,3.84925,0.012119418,20.408163,15.680948,12.504495,0.76236904,6.8995314,26.831816,12.823153,-3.1764530000000004
0,android_turns.csv,5.0,13.3470745,5.873125,0.017087676,16.071428,12.884772,13.8913965,1.9244696,14.299757,84.55172,2.7589447,1.006624500000001
0,android_turns.csv,4.0,19.537859,7.276625,0.04095495,4.6302595,20.77499,24.433239,4.5915346,15.283081,111.76253,15.301293,3.6582490000000014
0,android_turns.csv,5.0,10.668528,5.213125,0.013698222,4.6298447,5.1645956,17.818209,1.8949442,15.981285,83.89101,32.716537,12.6536134
0,android_turns.csv,4.0,15.427803,5.6475,0.021410573,4.628677,17.330946,17.05469,1.8674865,15.282665,86.862114,6.9282417,-0.27625600000000006
0,android_turns.csv,5.0,10.192529,4.5615,0.010222587,4.6278715,7.1057444,12.300539,3.2607605,17.140633,78.80753,17.31696,5.194794600000001
0,android_turns.csv,4.0,14.187662,5.8647504,0.018586975,4.62685,17.705095,12.332362,1.548229,14.508285,85.61269,5.1306458,-5.372733
0,android_turns.csv,5.0,6.9978886,6.336844,0.010177411,3.7680597,6.9578533,8.8171425,1.1786647,14.349188,91.44816,18.332758,1.8592891999999992
0,android_turns.csv,4.0,11.873691,5.685094,0.016780332,6.021688,6.4067717,14.929187,1.9991108,17.65718,101.02211,4.2608514,8.5224153
0,android_turns.csv,5.0,10.424421,3.838422,0.008398889,3.1767058,9.3565235,12.6761,2.1038287,22.854488,88.552765,4.3989124,3.3195765
0,android_turns.csv,5.0,28.717833,4.404469,0.029955447,19.387754,28.319658,28.588089,1.5150696,7.2474475,32.208733,19.472,0.26843099999999964
0,android_turns.csv,5.0,12.375868,4.2854376,0.010391631,9.438776,12.079474,13.7124405,2.0752528,17.369658,75.12581,6.5908413,1.6329665000000002
0,android_turns.csv,4.0,15.147811,6.070563,0.023925627,17.091837,12.079474,20.691692,1.7056649,10.902686,66.61803,16.05725,8.612218
